id;action;entity_name;entity_id;reason;old_value;new_value;details;performed_at
1;kaleidoscopic which or;fervently median juvenile;meadow blissfully;../fake-data/blob/hipster.txt;../fake-data/blob/hipster.txt;../fake-data/blob/hipster.txt;../fake-data/blob/hipster.txt;2026-09-23T21:14:34
2;livid demonstrate reprove;off impure;mob;../fake-data/blob/hipster.txt;../fake-data/blob/hipster.txt;../fake-data/blob/hipster.txt;../fake-data/blob/hipster.txt;2026-09-23T15:49:59
3;cantaloupe whether;meanwhile;against ack;../fake-data/blob/hipster.txt;../fake-data/blob/hipster.txt;../fake-data/blob/hipster.txt;../fake-data/blob/hipster.txt;2026-09-23T18:04:28
4;of outgoing offset;stark incidentally tectonics;quaff gah athwart;../fake-data/blob/hipster.txt;../fake-data/blob/hipster.txt;../fake-data/blob/hipster.txt;../fake-data/blob/hipster.txt;2026-09-23T13:38:57
5;athwart tender transparency;excluding deduction brr;cheerfully save yet;../fake-data/blob/hipster.txt;../fake-data/blob/hipster.txt;../fake-data/blob/hipster.txt;../fake-data/blob/hipster.txt;2026-09-23T11:00:15
6;fat;tightly eternity elver;terribly aboard;../fake-data/blob/hipster.txt;../fake-data/blob/hipster.txt;../fake-data/blob/hipster.txt;../fake-data/blob/hipster.txt;2026-09-23T14:53:02
7;now marten oof;dividend instead;yet eek;../fake-data/blob/hipster.txt;../fake-data/blob/hipster.txt;../fake-data/blob/hipster.txt;../fake-data/blob/hipster.txt;2026-09-23T19:10:21
8;minor;hypothesise hence sand;worriedly concerning;../fake-data/blob/hipster.txt;../fake-data/blob/hipster.txt;../fake-data/blob/hipster.txt;../fake-data/blob/hipster.txt;2026-09-24T04:04:18
9;metabolite;astride ouch;hello yet;../fake-data/blob/hipster.txt;../fake-data/blob/hipster.txt;../fake-data/blob/hipster.txt;../fake-data/blob/hipster.txt;2026-09-23T09:28:36
10;tight;of;trench along;../fake-data/blob/hipster.txt;../fake-data/blob/hipster.txt;../fake-data/blob/hipster.txt;../fake-data/blob/hipster.txt;2026-09-24T01:06:09
